{"cameraMode":{"drawMode":0,"name":"Shaded","section":"Shading Mode"},"sceneLighting":false,"audioPlay":false,"sceneViewState":{"m_AlwaysRefresh":false,"showFog":true,"showSkybox":false,"showFlares":true,"showImageEffects":true,"showParticleSystems":true,"showVisualEffectGraphs":true,"m_FxEnabled":true},"in2DMode":false,"pivot":{"x":-4.649688243865967,"y":-4.664844036102295,"z":-3.3824732303619386},"rotation":{"x":-0.003515190677717328,"y":-0.9962644577026367,"z":0.0706619918346405,"w":-0.049614354968070987},"size":0.4330126941204071,"orthographic":false}