{"cameraMode":{"drawMode":0,"name":"Shaded","section":"Shading Mode"},"sceneLighting":false,"audioPlay":false,"sceneViewState":{"m_AlwaysRefresh":false,"showFog":true,"showSkybox":false,"showFlares":true,"showImageEffects":true,"showParticleSystems":true,"showVisualEffectGraphs":true,"m_FxEnabled":true},"in2DMode":false,"pivot":{"x":-0.002031087875366211,"y":1.941225290298462,"z":0.6101183891296387},"rotation":{"x":-0.5430483818054199,"y":0.03987017646431923,"z":-0.025855205953121187,"w":-0.8383587598800659},"size":4.867208480834961,"orthographic":false}