{"cameraMode":{"drawMode":0,"name":"Shaded","section":"Shading Mode"},"sceneLighting":false,"audioPlay":false,"sceneViewState":{"m_AlwaysRefresh":false,"showFog":true,"showSkybox":false,"showFlares":true,"showImageEffects":true,"showParticleSystems":true,"showVisualEffectGraphs":true,"m_FxEnabled":true},"in2DMode":false,"pivot":{"x":-0.1588171422481537,"y":1.4255071878433228,"z":-1.6391277313232423e-7},"rotation":{"x":-0.007156724575906992,"y":-0.12015045434236527,"z":-0.0008334957528859377,"w":0.9927261471748352},"size":1.445176124572754,"orthographic":false}